{"stat.walkOneCm":16941,"stat.useItem.61":1,"stat.killEntity.EntityHorse":2,"stat.killEntity.Creeper":1,"stat.mineBlock.57":9,"stat.mineBlock.16":4,"stat.useItem.321":1,"stat.mineBlock.17":2,"stat.jump":42,"achievement.mineWood":2,"achievement.exploreAllBiomes":{"value":0,"progress":["Plains"]},"achievement.openInventory":37,"stat.mineBlock.3":74,"stat.mineBlock.1":52,"stat.mobKills":4,"stat.flyOneCm":23465,"stat.drop":9,"stat.useItem.389":1,"stat.playOneMinute":55288,"stat.damageDealt":895,"stat.killEntity.Zombie":1,"stat.useItem.17":4,"stat.useItem.57":9,"stat.useItem.58":1}